	{
	    "Version": "2012-10-17",
	    "Statement": [
		{
		    "Sid": "AllowLambdaFunctionInvocation",
		    "Effect": "Allow",
		    "Action": [
		        "lambda:InvokeFunction"
		    ],
		    "Resource": [				
		        "*"
		    ]
		},
		{
		    "Sid": "APIAccessForDynamoDBStreams",
		    "Effect": "Allow",
		    "Action": [
		        "dynamodb:GetRecords",
		        "dynamodb:GetShardIterator",
		        "dynamodb:DescribeStream",
		        "dynamodb:ListStreams"
		    ],
		    "Resource": "arn:aws:dynamodb:us-west-2:123456789012:table/GameScores/streams/*"
		}
	    ]
	}
